<?xml version="1.0" encoding="UTF-8"?>

<export>
	<info>
		<creator>sergio</creator>
		<opencms_version>9.0.1</opencms_version>
		<createdate>Tue, 20 May 2014 08:49:06 GMT</createdate>
		<infoproject>Offline</infoproject>
		<export_version>7</export_version>
	</info>
	<module>
		<name>org.opencmshispano.multimoduleimporter</name>
		<nicename><![CDATA[MultiModule Importer]]></nicename>
		<group>OpenCms Hispano</group>
		<class/>
		<description><![CDATA[Módulo que nos permite realizar una importación de más de un módulo de golpe]]></description>
		<version>1.0.0</version>
		<authorname><![CDATA[Sergio Raposo Vargas]]></authorname>
		<authoremail><![CDATA[sergio.raposo@opencmshispano.com]]></authoremail>
		<datecreated/>
		<userinstalled/>
		<dateinstalled/>
		<dependencies/>
		<exportpoints>
			<exportpoint uri="/system/modules/org.opencmshispano.multimoduleimporter/classes/" destination="WEB-INF/classes/"/>
			<exportpoint uri="/system/modules/org.opencmshispano.multimoduleimporter/lib/" destination="WEB-INF/lib/"/>
		</exportpoints>
		<resources>
			<resource uri="/system/modules/org.opencmshispano.multimoduleimporter/"/>
			<resource uri="/system/workplace/admin/modules/modules_multi_import.jsp"/>
			<resource uri="/system/workplace/admin/modules/reports/multi_import.jsp"/>
			<resource uri="/system/workplace/resources/tools/modules/icons/big/multi_module_import_http.png"/>
		</resources>
		<parameters/>
	</module>
	<files>
		<file>
			<destination>system</destination>
			<type>folder</type>
			<uuidstructure>08598327-af82-11e3-be5d-e0db55d3d908</uuidstructure>
			<datelastmodified>Wed, 19 Mar 2014 16:17:57 GMT</datelastmodified>
			<userlastmodified>Admin</userlastmodified>
			<datecreated>Wed, 19 Mar 2014 16:17:57 GMT</datecreated>
			<usercreated>Admin</usercreated>
			<flags>0</flags>
			<properties/>
			<relations/>
			<accesscontrol>
				<accessentry>
					<uuidprincipal>ROLE.WORKPLACE_USER</uuidprincipal>
					<flags>514</flags>
					<permissionset>
						<allowed>1</allowed>
						<denied>0</denied>
					</permissionset>
				</accessentry>
			</accesscontrol>
		</file>
		<file>
			<destination>system/modules</destination>
			<type>folder</type>
			<uuidstructure>0e9cc113-af82-11e3-be5d-e0db55d3d908</uuidstructure>
			<datelastmodified>Wed, 19 Mar 2014 16:18:07 GMT</datelastmodified>
			<userlastmodified>Admin</userlastmodified>
			<datecreated>Wed, 19 Mar 2014 16:18:07 GMT</datecreated>
			<usercreated>Admin</usercreated>
			<flags>0</flags>
			<properties/>
			<relations/>
			<accesscontrol>
				<accessentry>
					<uuidprincipal>ROLE.WORKPLACE_USER</uuidprincipal>
					<flags>514</flags>
					<permissionset>
						<allowed>5</allowed>
						<denied>0</denied>
					</permissionset>
				</accessentry>
			</accesscontrol>
		</file>
		<file>
			<destination>system/modules/org.opencmshispano.multimoduleimporter</destination>
			<type>folder</type>
			<uuidstructure>38b38d60-df47-11e3-b065-e0db55d3d908</uuidstructure>
			<datelastmodified>Mon, 19 May 2014 11:17:53 GMT</datelastmodified>
			<userlastmodified>sergio</userlastmodified>
			<datecreated>Mon, 19 May 2014 11:17:53 GMT</datecreated>
			<usercreated>sergio</usercreated>
			<flags>0</flags>
			<properties/>
			<relations/>
			<accesscontrol/>
		</file>
		<file>
			<destination>system/modules/org.opencmshispano.multimoduleimporter/classes</destination>
			<type>folder</type>
			<uuidstructure>390aae14-df47-11e3-b065-e0db55d3d908</uuidstructure>
			<datelastmodified>Mon, 19 May 2014 11:17:54 GMT</datelastmodified>
			<userlastmodified>sergio</userlastmodified>
			<datecreated>Mon, 19 May 2014 11:17:54 GMT</datecreated>
			<usercreated>sergio</usercreated>
			<flags>0</flags>
			<properties/>
			<relations/>
			<accesscontrol/>
		</file>
		<file>
			<destination>system/modules/org.opencmshispano.multimoduleimporter/classes/org</destination>
			<type>folder</type>
			<uuidstructure>390dbb56-df47-11e3-b065-e0db55d3d908</uuidstructure>
			<datelastmodified>Mon, 19 May 2014 11:17:54 GMT</datelastmodified>
			<userlastmodified>sergio</userlastmodified>
			<datecreated>Mon, 19 May 2014 11:17:54 GMT</datecreated>
			<usercreated>sergio</usercreated>
			<flags>0</flags>
			<properties/>
			<relations/>
			<accesscontrol/>
		</file>
		<file>
			<destination>system/modules/org.opencmshispano.multimoduleimporter/classes/org/opencmshispano</destination>
			<type>folder</type>
			<uuidstructure>39102c58-df47-11e3-b065-e0db55d3d908</uuidstructure>
			<datelastmodified>Mon, 19 May 2014 11:17:54 GMT</datelastmodified>
			<userlastmodified>sergio</userlastmodified>
			<datecreated>Mon, 19 May 2014 11:17:54 GMT</datecreated>
			<usercreated>sergio</usercreated>
			<flags>0</flags>
			<properties/>
			<relations/>
			<accesscontrol/>
		</file>
		<file>
			<destination>system/modules/org.opencmshispano.multimoduleimporter/classes/org/opencmshispano/multimoduleimporter</destination>
			<type>folder</type>
			<uuidstructure>3914992a-df47-11e3-b065-e0db55d3d908</uuidstructure>
			<datelastmodified>Mon, 19 May 2014 11:17:54 GMT</datelastmodified>
			<userlastmodified>sergio</userlastmodified>
			<datecreated>Mon, 19 May 2014 11:17:54 GMT</datecreated>
			<usercreated>sergio</usercreated>
			<flags>0</flags>
			<properties/>
			<relations/>
			<accesscontrol/>
		</file>
		<file>
			<source>system/modules/org.opencmshispano.multimoduleimporter/classes/org/opencmshispano/multimoduleimporter/workplace.properties</source>
			<destination>system/modules/org.opencmshispano.multimoduleimporter/classes/org/opencmshispano/multimoduleimporter/workplace.properties</destination>
			<type>plain</type>
			<uuidstructure>727c0086-df4a-11e3-b117-e0db55d3d908</uuidstructure>
			<uuidresource>727c0087-df4a-11e3-b117-e0db55d3d908</uuidresource>
			<datelastmodified>Mon, 19 May 2014 11:40:59 GMT</datelastmodified>
			<userlastmodified>sergio</userlastmodified>
			<datecreated>Mon, 19 May 2014 11:40:59 GMT</datecreated>
			<usercreated>sergio</usercreated>
			<flags>0</flags>
			<properties>
				<property>
					<name>Title</name>
					<value><![CDATA[workplace]]></value>
				</property>
			</properties>
			<relations/>
			<accesscontrol/>
		</file>
		<file>
			<source>system/modules/org.opencmshispano.multimoduleimporter/classes/org/opencmshispano/multimoduleimporter/workplace_en.properties</source>
			<destination>system/modules/org.opencmshispano.multimoduleimporter/classes/org/opencmshispano/multimoduleimporter/workplace_en.properties</destination>
			<type>plain</type>
			<uuidstructure>728b90e9-df4a-11e3-b117-e0db55d3d908</uuidstructure>
			<uuidresource>728b90ea-df4a-11e3-b117-e0db55d3d908</uuidresource>
			<datelastmodified>Mon, 19 May 2014 11:40:59 GMT</datelastmodified>
			<userlastmodified>sergio</userlastmodified>
			<datecreated>Mon, 19 May 2014 11:40:59 GMT</datecreated>
			<usercreated>sergio</usercreated>
			<flags>0</flags>
			<properties>
				<property>
					<name>Title</name>
					<value><![CDATA[workplace_en]]></value>
				</property>
			</properties>
			<relations/>
			<accesscontrol/>
		</file>
		<file>
			<source>system/modules/org.opencmshispano.multimoduleimporter/classes/org/opencmshispano/multimoduleimporter/workplace_es.properties</source>
			<destination>system/modules/org.opencmshispano.multimoduleimporter/classes/org/opencmshispano/multimoduleimporter/workplace_es.properties</destination>
			<type>plain</type>
			<uuidstructure>7290c10c-df4a-11e3-b117-e0db55d3d908</uuidstructure>
			<uuidresource>7290c10d-df4a-11e3-b117-e0db55d3d908</uuidresource>
			<datelastmodified>Mon, 19 May 2014 11:40:59 GMT</datelastmodified>
			<userlastmodified>sergio</userlastmodified>
			<datecreated>Mon, 19 May 2014 11:40:59 GMT</datecreated>
			<usercreated>sergio</usercreated>
			<flags>0</flags>
			<properties>
				<property>
					<name>Title</name>
					<value><![CDATA[workplace_es]]></value>
				</property>
			</properties>
			<relations/>
			<accesscontrol/>
		</file>
		<file>
			<destination>system/modules/org.opencmshispano.multimoduleimporter/lib</destination>
			<type>folder</type>
			<uuidstructure>d75cf70c-df48-11e3-b065-e0db55d3d908</uuidstructure>
			<datelastmodified>Mon, 19 May 2014 11:29:29 GMT</datelastmodified>
			<userlastmodified>sergio</userlastmodified>
			<datecreated>Mon, 19 May 2014 11:29:29 GMT</datecreated>
			<usercreated>sergio</usercreated>
			<flags>0</flags>
			<properties/>
			<relations/>
			<accesscontrol/>
		</file>
		<file>
			<source>system/modules/org.opencmshispano.multimoduleimporter/lib/OCHMultiModuleImporter-1.0.jar</source>
			<destination>system/modules/org.opencmshispano.multimoduleimporter/lib/OCHMultiModuleImporter-1.0.jar</destination>
			<type>binary</type>
			<uuidstructure>a628921f-df49-11e3-b065-e0db55d3d908</uuidstructure>
			<uuidresource>a6289220-df49-11e3-b065-e0db55d3d908</uuidresource>
			<datelastmodified>Tue, 20 May 2014 08:48:07 GMT</datelastmodified>
			<userlastmodified>sergio</userlastmodified>
			<datecreated>Mon, 19 May 2014 11:35:16 GMT</datecreated>
			<usercreated>sergio</usercreated>
			<flags>0</flags>
			<properties>
				<property>
					<name>Title</name>
					<value><![CDATA[OCHMultiModuleImporter-1.0]]></value>
				</property>
			</properties>
			<relations/>
			<accesscontrol/>
		</file>
		<file>
			<destination>system/modules/org.opencmshispano.multimoduleimporter/resources</destination>
			<type>folder</type>
			<uuidstructure>3905cc12-df47-11e3-b065-e0db55d3d908</uuidstructure>
			<datelastmodified>Mon, 19 May 2014 11:17:54 GMT</datelastmodified>
			<userlastmodified>sergio</userlastmodified>
			<datecreated>Mon, 19 May 2014 11:17:54 GMT</datecreated>
			<usercreated>sergio</usercreated>
			<flags>0</flags>
			<properties/>
			<relations/>
			<accesscontrol/>
		</file>
		<file>
			<destination>system/workplace</destination>
			<type>folder</type>
			<uuidstructure>825afce2-11b7-11db-91cd-fdbae480bac9</uuidstructure>
			<datelastmodified>Mon, 27 Mar 2006 12:00:00 GMT</datelastmodified>
			<userlastmodified>Admin</userlastmodified>
			<datecreated>Mon, 27 Jun 2005 08:00:00 GMT</datecreated>
			<usercreated>Admin</usercreated>
			<flags>0</flags>
			<properties>
				<property>
					<name>content-encoding</name>
					<value><![CDATA[UTF-8]]></value>
				</property>
				<property>
					<name>export</name>
					<value><![CDATA[false]]></value>
				</property>
				<property>
					<name>login-form</name>
					<value><![CDATA[/system/login/index.html]]></value>
				</property>
			</properties>
			<relations/>
			<accesscontrol>
				<accessentry>
					<uuidprincipal>ALL_OTHERS</uuidprincipal>
					<flags>134</flags>
					<permissionset>
						<allowed>0</allowed>
						<denied>0</denied>
					</permissionset>
				</accessentry>
				<accessentry>
					<uuidprincipal>ROLE.WORKPLACE_USER</uuidprincipal>
					<flags>518</flags>
					<permissionset>
						<allowed>5</allowed>
						<denied>0</denied>
					</permissionset>
				</accessentry>
			</accesscontrol>
		</file>
		<file>
			<destination>system/workplace/admin</destination>
			<type>folder</type>
			<uuidstructure>825fb7db-11b7-11db-91cd-fdbae480bac9</uuidstructure>
			<datelastmodified>Mon, 27 Mar 2006 12:00:00 GMT</datelastmodified>
			<userlastmodified>Admin</userlastmodified>
			<datecreated>Mon, 27 Jun 2005 08:00:00 GMT</datecreated>
			<usercreated>Admin</usercreated>
			<flags>0</flags>
			<properties>
				<property>
					<name>Title</name>
					<value><![CDATA[Administration View]]></value>
				</property>
				<property>
					<name>cache</name>
					<value><![CDATA[bypass]]></value>
				</property>
			</properties>
			<relations/>
			<accesscontrol/>
		</file>
		<file>
			<destination>system/workplace/admin/modules</destination>
			<type>folder</type>
			<uuidstructure>d70f1a80-11b7-11db-91cd-fdbae480bac9</uuidstructure>
			<datelastmodified>Mon, 27 Mar 2006 12:00:00 GMT</datelastmodified>
			<userlastmodified>Admin</userlastmodified>
			<datecreated>Mon, 27 Jun 2005 08:00:00 GMT</datecreated>
			<usercreated>Admin</usercreated>
			<flags>0</flags>
			<properties>
				<property>
					<name>Description</name>
					<value><![CDATA[${key.GUI_MODULES_ADMIN_TOOL_HELP_0}]]></value>
				</property>
				<property>
					<name>NavImage</name>
					<value><![CDATA[tools/modules/icons/big/modules.png:tools/modules/icons/small/modules.png]]></value>
				</property>
				<property>
					<name>NavInfo</name>
					<value><![CDATA[${key.GUI_MODULES_ADMIN_TOOL_GROUP_0}]]></value>
				</property>
				<property>
					<name>NavPos</name>
					<value><![CDATA[40.0]]></value>
				</property>
				<property>
					<name>NavText</name>
					<value><![CDATA[${key.GUI_MODULES_ADMIN_TOOL_NAME_0}]]></value>
				</property>
				<property>
					<name>Title</name>
					<value><![CDATA[Module Management]]></value>
				</property>
				<property>
					<name>admintoolhandler-class</name>
					<value><![CDATA[org.opencms.workplace.tools.modules.CmsModulesToolHandler]]></value>
				</property>
				<property>
					<name>default-file</name>
					<value><![CDATA[index.jsp]]></value>
				</property>
			</properties>
			<relations/>
			<accesscontrol/>
		</file>
		<file>
			<source>system/workplace/admin/modules/modules_multi_import.jsp</source>
			<destination>system/workplace/admin/modules/modules_multi_import.jsp</destination>
			<type>jsp</type>
			<uuidstructure>8819c911-df47-11e3-b065-e0db55d3d908</uuidstructure>
			<uuidresource>8819c912-df47-11e3-b065-e0db55d3d908</uuidresource>
			<datelastmodified>Mon, 19 May 2014 11:27:41 GMT</datelastmodified>
			<userlastmodified>sergio</userlastmodified>
			<datecreated>Mon, 19 May 2014 11:20:07 GMT</datecreated>
			<usercreated>sergio</usercreated>
			<flags>0</flags>
			<properties>
				<property>
					<name>Description</name>
					<value><![CDATA[${key.GUI_MULTIIMPORTMODULE_ADMIN_TOOL_HELP_0}]]></value>
				</property>
				<property>
					<name>NavImage</name>
					<value><![CDATA[tools/modules/icons/big/multi_module_import_http.png]]></value>
				</property>
				<property>
					<name>NavInfo</name>
					<value><![CDATA[${key.GUI_MULTIMODULE_ADMIN_TOOL_GROUP_0}]]></value>
				</property>
				<property>
					<name>NavPos</name>
					<value><![CDATA[4.5]]></value>
				</property>
				<property>
					<name>NavText</name>
					<value><![CDATA[${key.GUI_MULTIIMPORTMODULE_ADMIN_TOOL_NAME_0}]]></value>
				</property>
				<property>
					<name>Title</name>
					<value><![CDATA[Import multiple modules from local computer]]></value>
				</property>
				<property>
					<name>admintoolhandler-class</name>
					<value><![CDATA[org.opencms.workplace.tools.modules.CmsModulesToolHandler]]></value>
				</property>
				<property>
					<name>export</name>
					<value><![CDATA[false]]></value>
				</property>
				<property type="shared">
					<name>export</name>
					<value><![CDATA[false]]></value>
				</property>
			</properties>
			<relations/>
			<accesscontrol/>
		</file>
		<file>
			<destination>system/workplace/admin/modules/reports</destination>
			<type>folder</type>
			<uuidstructure>d74ac39c-11b7-11db-91cd-fdbae480bac9</uuidstructure>
			<datelastmodified>Mon, 27 Mar 2006 12:00:00 GMT</datelastmodified>
			<userlastmodified>Admin</userlastmodified>
			<datecreated>Mon, 27 Jun 2005 08:00:00 GMT</datecreated>
			<usercreated>Admin</usercreated>
			<flags>0</flags>
			<properties>
				<property>
					<name>Title</name>
					<value><![CDATA[Reports]]></value>
				</property>
			</properties>
			<relations/>
			<accesscontrol/>
		</file>
		<file>
			<source>system/workplace/admin/modules/reports/multi_import.jsp</source>
			<destination>system/workplace/admin/modules/reports/multi_import.jsp</destination>
			<type>jsp</type>
			<uuidstructure>bed181a5-df47-11e3-b065-e0db55d3d908</uuidstructure>
			<uuidresource>bed181a6-df47-11e3-b065-e0db55d3d908</uuidresource>
			<datelastmodified>Mon, 19 May 2014 11:28:09 GMT</datelastmodified>
			<userlastmodified>sergio</userlastmodified>
			<datecreated>Mon, 19 May 2014 11:21:38 GMT</datecreated>
			<usercreated>sergio</usercreated>
			<flags>0</flags>
			<properties>
				<property>
					<name>Title</name>
					<value><![CDATA[Report for import multiple modules]]></value>
				</property>
				<property type="shared">
					<name>export</name>
					<value><![CDATA[false]]></value>
				</property>
			</properties>
			<relations/>
			<accesscontrol/>
		</file>
		<file>
			<destination>system/workplace/resources</destination>
			<type>folder</type>
			<uuidstructure>82c16052-11b7-11db-91cd-fdbae480bac9</uuidstructure>
			<datelastmodified>Mon, 27 Mar 2006 12:00:00 GMT</datelastmodified>
			<userlastmodified>Admin</userlastmodified>
			<datecreated>Mon, 27 Jun 2005 08:00:00 GMT</datecreated>
			<usercreated>Admin</usercreated>
			<flags>0</flags>
			<properties/>
			<relations/>
			<accesscontrol/>
		</file>
		<file>
			<destination>system/workplace/resources/tools</destination>
			<type>folder</type>
			<uuidstructure>c3a8d33c-11b7-11db-91cd-fdbae480bac9</uuidstructure>
			<datelastmodified>Fri, 02 May 2008 12:15:32 GMT</datelastmodified>
			<userlastmodified>Admin</userlastmodified>
			<datecreated>Mon, 27 Jun 2005 08:00:00 GMT</datecreated>
			<usercreated>Admin</usercreated>
			<flags>0</flags>
			<properties>
				<property>
					<name>cache</name>
					<value><![CDATA[bypass]]></value>
				</property>
			</properties>
			<relations/>
			<accesscontrol/>
		</file>
		<file>
			<destination>system/workplace/resources/tools/modules</destination>
			<type>folder</type>
			<uuidstructure>d7f18b00-11b7-11db-91cd-fdbae480bac9</uuidstructure>
			<datelastmodified>Mon, 27 Mar 2006 12:00:00 GMT</datelastmodified>
			<userlastmodified>Admin</userlastmodified>
			<datecreated>Mon, 27 Jun 2005 08:00:00 GMT</datecreated>
			<usercreated>Admin</usercreated>
			<flags>0</flags>
			<properties/>
			<relations/>
			<accesscontrol/>
		</file>
		<file>
			<destination>system/workplace/resources/tools/modules/icons</destination>
			<type>folder</type>
			<uuidstructure>d81084c3-11b7-11db-91cd-fdbae480bac9</uuidstructure>
			<datelastmodified>Mon, 27 Mar 2006 12:00:00 GMT</datelastmodified>
			<userlastmodified>Admin</userlastmodified>
			<datecreated>Mon, 27 Jun 2005 08:00:00 GMT</datecreated>
			<usercreated>Admin</usercreated>
			<flags>0</flags>
			<properties/>
			<relations/>
			<accesscontrol/>
		</file>
		<file>
			<destination>system/workplace/resources/tools/modules/icons/big</destination>
			<type>folder</type>
			<uuidstructure>d812f5c5-11b7-11db-91cd-fdbae480bac9</uuidstructure>
			<datelastmodified>Mon, 27 Mar 2006 12:00:00 GMT</datelastmodified>
			<userlastmodified>Admin</userlastmodified>
			<datecreated>Mon, 27 Jun 2005 08:00:00 GMT</datecreated>
			<usercreated>Admin</usercreated>
			<flags>0</flags>
			<properties/>
			<relations/>
			<accesscontrol/>
		</file>
		<file>
			<source>system/workplace/resources/tools/modules/icons/big/multi_module_import_http.png</source>
			<destination>system/workplace/resources/tools/modules/icons/big/multi_module_import_http.png</destination>
			<type>image</type>
			<uuidstructure>17759d5a-df48-11e3-b065-e0db55d3d908</uuidstructure>
			<uuidresource>17759d5b-df48-11e3-b065-e0db55d3d908</uuidresource>
			<datelastmodified>Mon, 19 May 2014 11:24:07 GMT</datelastmodified>
			<userlastmodified>sergio</userlastmodified>
			<datecreated>Mon, 19 May 2014 11:24:07 GMT</datecreated>
			<usercreated>sergio</usercreated>
			<flags>0</flags>
			<properties>
				<property>
					<name>Title</name>
					<value><![CDATA[multi_module_import_http]]></value>
				</property>
				<property type="shared">
					<name>image.size</name>
					<value><![CDATA[w:32,h:32]]></value>
				</property>
			</properties>
			<relations/>
			<accesscontrol/>
		</file>
	</files>
</export>
